<?xml version="1.0" encoding="UTF-8" ?>
<config
    Name="gfortran"
    ShortName="gfortran"
    Manufacturer="GNU"
    Version=""
    Language="FORTRAN"
    Priority="A"
    Location="$GFORTRAN_INSTALLDIR" >
    <Details
    CompilerExecutable="$FC"
    CompilerDefines="$FDEFINES"
    CompilerFlags="$FFLAGS"
    OptimizationFlags="$FOPTIMFLAGS"
    DebugFlags="$FDEBUGFLAGS"
    IncludeFlags="$INCLUDE"
    LinkerLibraries="$LINKLIBS"
    LinkerOptimizationFlags="$LDOPTIMFLAGS"
    LinkerDebugFlags="$LDDEBUGFLAGS"
    
    CompilerDefineFormatter="-D%s"
    LinkerLibrarySwitchFormatter="-l%s"
    LinkerPathFormatter="-L%s"
    />
    <vars
        CMDLINE1="$FC -c $FDEFINES $INCLUDE $FFLAGS $OPTIM $SRC -o $OBJ"
        CMDLINE2="$LDF $LDFLAGS $LINKOPTIM $OBJS $FLIBS $LINKLIBS -o $EXE"
        CMDLINE3="rm -f $OBJ"
        
        FC="$GFORTRAN_INSTALLDIR/gfortran"
        FDEFINES=""
        FFLAGS="-fexceptions -m64 -fbackslash "
        INCLUDE="-I&quot;$MATLABROOT/extern/include&quot; -I&quot;$MATLABROOT/simulink/include&quot;"
        FOPTIMFLAGS="-O"
        FDEBUGFLAGS="-g"
        
        LDF="xcrun -sdk macosx$SDKVER clang"
        LDFLAGS="-Wl,-twolevel_namespace -undefined error -mmacosx-version-min=$SDKVER -Wl,-syslibroot,$ISYSROOT $LDBUNDLE $LINKEXPORT"
        LDBUNDLE="-bundle "
        LINKEXPORT="-Wl,-exported_symbols_list,&quot;$MATLABROOT/extern/lib/maci64/fexport.map&quot;"
        LINKLIBS="-L&quot;$MATLABROOT/bin/maci64&quot; -lmx -lmex -lmat -L&quot;$GFORTRAN_LIBDIR&quot; -lgfortran -L&quot;$GFORTRANBEGIN_LIBDIR&quot; -lgfortranbegin"
        LDOPTIMFLAGS="-O"
        LDDEBUGFLAGS="-g"
        
        OBJEXT=".o"
        LDEXT=".mexmaci64"
    />
    <client>
        <engine
        LINKLIBS="$LINKLIBS -leng"
        LDBUNDLE=""
        LINKEXPORT=""
        LDEXT=""
        />
    </client>
    <locationFinder>
            <!--Check for faulty DEVELOPER_DIR environment variable -->
    		<DEVELOPER_DIR_CHECK> 
        		<or> 
        			<not> 
        				<envVarExists name="DEVELOPER_DIR" /> 
       				</not>
                         <dirExists name="$$" diagnostic="The environment variable DEVELOPER_DIR indicates a folder that does not exist. Please correct or delete this variable before using MEX." /> 
                </or> 
		</DEVELOPER_DIR_CHECK>

		<GFORTRAN_INSTALLDIR>
			<and>
				<or>
					<cmdReturns name="which gfortran" />
					<fileExists name="/usr/local/bin/gfortran" />
				</or>
				<dirExists name="$$" />
			</and>
		</GFORTRAN_INSTALLDIR>
		<GFORTRAN_LIBDIR>
			<and>
				<or>
					<cmdReturns name="which gfortran" />
					<fileExists name="/usr/local/bin/gfortran" />
				</or>
				<cmdReturns name="$$/gfortran -print-file-name=libgfortran.dylib" />
				<dirExists name="$$" />
			</and>
		</GFORTRAN_LIBDIR>
		<GFORTRANBEGIN_LIBDIR>
			<and>
				<or>
					<cmdReturns name="which gfortran" />
					<fileExists name="/usr/local/bin/gfortran" />
				</or>
				<cmdReturns name="$$/gfortran -print-file-name=libgfortranbegin.a" />
				<dirExists name="$$" />
			</and>
		</GFORTRANBEGIN_LIBDIR>
        <ISYSROOT>
            <and>
                <cmdReturns name="xcode-select -print-path"/>
                <or>
                    <dirExists name="$$/Platforms/MacOSX.platform/Developer/SDKs/MacOSX10.9.sdk" />
                    <dirExists name="$$/Platforms/MacOSX.platform/Developer/SDKs/MacOSX10.10.sdk" />
					<dirExists name="$$/Platforms/MacOSX.platform/Developer/SDKs/MacOSX10.11.sdk" /> 
                    <cmdReturns name="find $$ -name MacOSX10.9.sdk" />
                    <cmdReturns name="find $$ -name MacOSX10.10.sdk" />
					<cmdReturns name="find $$ -name MacOSX10.11.sdk" />
                </or>
            </and>
        </ISYSROOT>
        <SDKVER>
            <and>
                <and>
                    <cmdReturns name="xcode-select -print-path"/>
                    <or>
                        <dirExists name="$$/Platforms/MacOSX.platform/Developer/SDKs/MacOSX10.9.sdk" />
                        <dirExists name="$$/Platforms/MacOSX.platform/Developer/SDKs/MacOSX10.10.sdk" />
						<dirExists name="$$/Platforms/MacOSX.platform/Developer/SDKs/MacOSX10.11.sdk" /> 
                        <cmdReturns name="find $$ -name MacOSX10.9.sdk" />
                        <cmdReturns name="find $$ -name MacOSX10.10.sdk" />
						<cmdReturns name="find $$ -name MacOSX10.11.sdk" />
                    </or>
                </and>
                <cmdReturns name="echo $$ | rev | cut -c1-10 | rev | egrep -oh '[0-9]+\.[0-9]+'" />
            </and>
        </SDKVER>
    </locationFinder>
</config>
